Workbook

Sheet Bemenetek
A1: REBOUND — GAZDASÁGI MODELL
A2: Hangolható bemenetek · módosíts bármit, a többi lap újraszámol · forrás: compliance.ts
A4: CPA / BROKER BEVÉTEL
A5: CPA összeg (broker fizet / qualified FTD) | B5: 600 | C5: Csak broker-megerősített FTD + qualifying volume után
A6: Welcome cash (megemelt 1. havi rebate) | B6: 100 | C6: Cashback-keretezés, NEM 'fizess be kapsz X'
A7: Referral cash (csak qualified FTD után) | B7: 80 | C7: Signup csak XP-t ad, készpénz csak FTD után
A8: OPEX / CPA | B8: 40 | C8: Működési költség allokáció
A9: RevShare gross / lot | B9: 2.4 | C9: Broker-nettó ~$8/lot 30%-a
A10: REBATE (CASHBACK — soha nem trade-locked)
A11: Standard rebate / lot | B11: 1.2 | C11: Mindig készpénz, kifizethető
A12: VIP rebate / lot | B12: 1.6 | C12: VIP tier
A13: VIP felhasználók aránya | B13: 0.2 | C13: 0..1 között
A14: VISELKEDÉS / RETENCIÓ
A15: Átlag lot / hó / aktív trader | B15: 10 | C15: Retained trader feltételezés
A16: Retenció (hónap) | B16: 12 | C16: LTV időhorizont
A17: Havi lemorzsolódás (churn) | B17: 0.08 | C17: 0..1 — havi kieső arány
A18: FTD konverzió (signup → qualified FTD) | B18: 0.85 | C18: 0..1
A19: AKVIZÍCIÓ
A20: Új signup / hó | B20: 100 | C20: Cohort méret
A21: CAC (akvizíciós költség / signup) | B21: 25 | C21: Marketing / fő
A22: Min. kifizetés | B22: 20 | C22: PAYOUT_MIN_USD — compliance
A23: → Nettó margin / CPA (számított) | B23: =Bemenetek!B5-Bemenetek!B6-Bemenetek!B7-Bemenetek!B8 | C23: CPA − welcome − referral − opex
A25: COMPLIANCE GATE
A26: • Rebate mindig készpénz — SOHA nem trade-locked.
A27: • Jutalom CSAK broker-megerősített FTD + qualifying volume után.
A28: • Clawback aktív, ha a broker visszavonja a CPA-t.
A29: • Kockázati figyelmeztetés minden felületen. Tools, not tips.

Sheet Unit Economics
A1: UNIT ECONOMICS
A2: 1 retained trader · élő képletek a Bemenetek lapról
A4: Mutató | B4: Érték | C4: Megjegyzés
A5: Vegyes rebate / lot (std/VIP súlyozott) | B5: =Bemenetek!B11*(1-Bemenetek!B13)+Bemenetek!B12*Bemenetek!B13 | C5: Súlyozott a VIP arány szerint
A6: RevShare gross / hó | B6: =Bemenetek!B15*Bemenetek!B9 | C6: lot/hó × RevShare/lot
A7: Rebate kifizetve / hó | B7: =Bemenetek!B15*( Bemenetek!B11*(1-Bemenetek!B13)+Bemenetek!B12*Bemenetek!B13 ) | C7: Visszaosztott cashback
A8: Nettó RevShare margin / hó | B8: ='Unit Economics'!B6-'Unit Economics'!B7 | C8: RevShare − rebate
A9: Nettó margin / hó × retenció | B9: ='Unit Economics'!B8*Bemenetek!B16 | C9: Folyó margin a retenciós ablakban
A10: + Nettó CPA margin (egyszeri) | B10: =Bemenetek!B23 | C10: FTD-nél egyszer
A11: =Bruttó LTV / trader | B11: ='Unit Economics'!B9+'Unit Economics'!B10 | C11: CPA margin + folyó margin
A12: − CAC | B12: =-Bemenetek!B21 | C12: Akvizíciós költség
A13: =NETTÓ LTV / trader | B13: ='Unit Economics'!B11+'Unit Economics'!B12 | C13: A kulcsmutató
A14: LTV / CAC arány | B14: ='Unit Economics'!B11/Bemenetek!B21 | C14: >3x egészséges
A15: Megtérülés (hónap) | B15: =IF('Unit Economics'!B8<=0,"n/a",Bemenetek!B21/'Unit Economics'!B8) | C15: CAC / havi margin

Sheet Cohort & LTV
A1: COHORT / LTV PROJEKCIÓ
A2: 1 havi signup-cohort 12 hónapon át · churn-nel diszkontálva
A4: Hónap | B4: Aktív traderek | C4: Lot / hó | D4: RevShare gross | E4: Rebate kif. | F4: Nettó margin | G4: Kumulált nettó
A5: 1 | B5: =Bemenetek!B20*Bemenetek!B18 | C5: =B5*Bemenetek!B15 | D5: =C5*Bemenetek!B9 | E5: =C5*( Bemenetek!B11*(1-Bemenetek!B13)+Bemenetek!B12*Bemenetek!B13 ) | F5: =D5-E5+B5*Bemenetek!B23 | G5: =F5-B5*Bemenetek!B21
A6: 2 | B6: =B5*(1-Bemenetek!B17) | C6: =B6*Bemenetek!B15 | D6: =C6*Bemenetek!B9 | E6: =C6*( Bemenetek!B11*(1-Bemenetek!B13)+Bemenetek!B12*Bemenetek!B13 ) | F6: =D6-E6 | G6: =G5+F6
A7: 3 | B7: =B6*(1-Bemenetek!B17) | C7: =B7*Bemenetek!B15 | D7: =C7*Bemenetek!B9 | E7: =C7*( Bemenetek!B11*(1-Bemenetek!B13)+Bemenetek!B12*Bemenetek!B13 ) | F7: =D7-E7 | G7: =G6+F7
A8: 4 | B8: =B7*(1-Bemenetek!B17) | C8: =B8*Bemenetek!B15 | D8: =C8*Bemenetek!B9 | E8: =C8*( Bemenetek!B11*(1-Bemenetek!B13)+Bemenetek!B12*Bemenetek!B13 ) | F8: =D8-E8 | G8: =G7+F8
A9: 5 | B9: =B8*(1-Bemenetek!B17) | C9: =B9*Bemenetek!B15 | D9: =C9*Bemenetek!B9 | E9: =C9*( Bemenetek!B11*(1-Bemenetek!B13)+Bemenetek!B12*Bemenetek!B13 ) | F9: =D9-E9 | G9: =G8+F9
A10: 6 | B10: =B9*(1-Bemenetek!B17) | C10: =B10*Bemenetek!B15 | D10: =C10*Bemenetek!B9 | E10: =C10*( Bemenetek!B11*(1-Bemenetek!B13)+Bemenetek!B12*Bemenetek!B13 ) | F10: =D10-E10 | G10: =G9+F10
A11: 7 | B11: =B10*(1-Bemenetek!B17) | C11: =B11*Bemenetek!B15 | D11: =C11*Bemenetek!B9 | E11: =C11*( Bemenetek!B11*(1-Bemenetek!B13)+Bemenetek!B12*Bemenetek!B13 ) | F11: =D11-E11 | G11: =G10+F11
A12: 8 | B12: =B11*(1-Bemenetek!B17) | C12: =B12*Bemenetek!B15 | D12: =C12*Bemenetek!B9 | E12: =C12*( Bemenetek!B11*(1-Bemenetek!B13)+Bemenetek!B12*Bemenetek!B13 ) | F12: =D12-E12 | G12: =G11+F12
A13: 9 | B13: =B12*(1-Bemenetek!B17) | C13: =B13*Bemenetek!B15 | D13: =C13*Bemenetek!B9 | E13: =C13*( Bemenetek!B11*(1-Bemenetek!B13)+Bemenetek!B12*Bemenetek!B13 ) | F13: =D13-E13 | G13: =G12+F13
A14: 10 | B14: =B13*(1-Bemenetek!B17) | C14: =B14*Bemenetek!B15 | D14: =C14*Bemenetek!B9 | E14: =C14*( Bemenetek!B11*(1-Bemenetek!B13)+Bemenetek!B12*Bemenetek!B13 ) | F14: =D14-E14 | G14: =G13+F14
A15: 11 | B15: =B14*(1-Bemenetek!B17) | C15: =B15*Bemenetek!B15 | D15: =C15*Bemenetek!B9 | E15: =C15*( Bemenetek!B11*(1-Bemenetek!B13)+Bemenetek!B12*Bemenetek!B13 ) | F15: =D15-E15 | G15: =G14+F15
A16: 12 | B16: =B15*(1-Bemenetek!B17) | C16: =B16*Bemenetek!B15 | D16: =C16*Bemenetek!B9 | E16: =C16*( Bemenetek!B11*(1-Bemenetek!B13)+Bemenetek!B12*Bemenetek!B13 ) | F16: =D16-E16 | G16: =G15+F16
A17: Σ 12 hó | C17: =SUM(C5:C16) | D17: =SUM(D5:D16) | E17: =SUM(E5:E16) | F17: =SUM(F5:F16) | G17: =G16

Sheet Break-even
A1: BREAK-EVEN & ÉRZÉKENYSÉG
A2: Mikor termel vissza egy felhasználó · lot-érzékenység
A4: Mutató | B4: Érték | C4: Megjegyzés
A5: Nettó margin / lot (RevShare − rebate) | B5: =Bemenetek!B9-( Bemenetek!B11*(1-Bemenetek!B13)+Bemenetek!B12*Bemenetek!B13 ) | C5: Folyó hozzájárulás lotonként
A6: Akvizíciós + welcome + referral teher / FTD | B6: =Bemenetek!B21+Bemenetek!B6+Bemenetek!B7 | C6: Amit vissza kell termelni
A7: CPA fedezet / FTD | B7: =Bemenetek!B5 | C7: Broker fizeti FTD-nél
A8: Nettó kezdő pozíció / FTD | B8: =Bemenetek!B5-(Bemenetek!B21+Bemenetek!B6+Bemenetek!B7) | C8: CPA − terhek (>0 = azonnal nyereséges)
A9: Break-even lot (ha nettó kezdő < 0) | B9: =IF('Break-even'!B8>=0,0,-'Break-even'!B8/'Break-even'!B5) | C9: Hány lot kell a nullszaldóhoz
A10: Break-even invitáció / CPA | B10: =(Bemenetek!B21+Bemenetek!B6+Bemenetek!B7)/Bemenetek!B23 | C10: Hány invite termeli vissza a terhet
A13: ÉRZÉKENYSÉG — nettó 12 hó margin / trader vs. lot/hó
A14: lot / hó | B14: nettó 12 hó margin | C14: megjegyzés
A15: 2 | B15: =2*('Break-even'!B5)*12+Bemenetek!B23-Bemenetek!B21 | C15: low-volume
A16: 5 | B16: =5*('Break-even'!B5)*12+Bemenetek!B23-Bemenetek!B21 | C16: low-volume
A17: 10 | B17: =10*('Break-even'!B5)*12+Bemenetek!B23-Bemenetek!B21 | C17: base case
A18: 15 | B18: =15*('Break-even'!B5)*12+Bemenetek!B23-Bemenetek!B21 | C18: high-volume
A19: 25 | B19: =25*('Break-even'!B5)*12+Bemenetek!B23-Bemenetek!B21 | C19: high-volume
A20: 50 | B20: =50*('Break-even'!B5)*12+Bemenetek!B23-Bemenetek!B21 | C20: high-volume

Sheet Olvass el
A1: HASZNÁLAT & COMPLIANCE
A2: Hogyan hangold a modellt — és mit NEM szabad
A5: HASZNÁLAT
A6: 1. Csak a 'Bemenetek' lap sárga celláit módosítsd. Minden más képlet, automatikusan frissül.
A7: 2. A 'Unit Economics' egyetlen retained trader gazdaságtanát mutatja.
A8: 3. A 'Cohort & LTV' egy havi signup-csoportot vetít előre 12 hónapra, churn-nel.
A9: 4. A 'Break-even' megmutatja, mennyi lot / invite kell a megtérüléshez + lot-érzékenység.
A11: FELTÉTELEZÉSEK
A12: • A RevShare gross/lot a broker-nettó ~30%-a (~$8 nettó → $2.40). Valós riportból írd felül.
A13: • A retenció egyszerűsített: konstans havi churn. Valós cohort-adat pontosabb.
A14: • A CPA nettó margin egyszeri, az FTD hónapjában realizálódik.
A16: NON-NEGOTIABLE COMPLIANCE
... A22: Forrás: packages/shared/src/compliance.ts — a konstansok módosítása jogi review-t igényel.
